1,"100&euro; pour trois jours","trois jours","un emplacement de tente pour la seconde nuit (5&euro;)","un emplacement de van pour la seconde nuit (5&euro;)",1,1,aaa@aaa.fr
1,"100&euro; pour trois jours","trois jours","un emplacement de tente pour la seconde nuit (5&euro;)","un emplacement de van pour la seconde nuit (5&euro;)",1,1,aaa@aaa.fr
1,"100&euro; pour trois jours","trois jours",non,non,0,0,aaa@aaa.fr
1,"100&euro; pour trois jours","trois jours",non,non,0,0,aaa@aaa.fr
1,"100&euro; pour trois jours","trois jours",non,non,0,0,aaa@aaa.fr
1,"100&euro; pour trois jours","trois jours",non,non,0,0,aaa@aaa.fr
1,"100&euro; pour trois jours","trois jours",non,non,0,0,aaa@aaa.fr
1,"100&euro; pour trois jours","trois jours",non,non,0,0,aaa@aaa.fr
1,"100&euro; pour trois jours","trois jours",non,non,0,0,aaa@aaa.fr
3,"100&euro; pour trois jours","trois jours",non,non,0,0,aaa@aaa.fr
1,"100&euro; pour trois jours","trois jours",non,non,0,0,aaa@aaa.fr
1,"100&euro; pour trois jours","trois jours",non,non,0,0,aaa@aaa.fr
1,"100&euro; pour trois jours","trois jours",non,non,0,0,aaa@aaa.fr
1,"100&euro; pour trois jours","trois jours",non,non,0,0,aaa@aaa.fr
1,"100&euro; pour trois jours","trois jours",non,non,0,0,aaa@aaa.fr
1,"100&euro; pour trois jours","trois jours",non,non,0,0,aaa@aaa.fr
1,"100&euro; pour trois jours","trois jours",non,non,0,0,aaa@aaa.fr
1,"100&euro; pour trois jours","trois jours",non,non,0,0,aaa@aaa.fr
1,"100&euro; pour trois jours","trois jours",non,non,0,0,aaa@aaa.fr
1,"100&euro; pour trois jours","trois jours",non,non,0,0,aaa@aaa.fr
1,"100&euro; pour trois jours","trois jours",non,non,0,0,aaa@aaa.fr
1,"100&euro; pour trois jours","trois jours",non,non,0,0,aaa@aaa.fr
1,"100&euro; pour trois jours","trois jours",non,non,0,0,aaa@aaa.fr
1,"100&euro; pour trois jours","trois jours",non,non,0,0,ema.macron@coucou.fr
1,"100&euro; pour trois jours","trois jours",non,non,0,0,emma.macron@coucou.fr
