1,NACHIT,Amal,0666666666,amal.nachit.simplon@gmail.com,afaff,user
2,NACHIT,Amal,0666666666,amal.nachit.simplon@gmail.com,afaff,user
3,NACHIT,Amal,0666666666,amal.nachit.simplon@gmail.com,afaff,user
4,NACHIT,Amal,0666666666,amal.nachit.simplon@gmail.com,afaff,user
5,NACHIT,Amal,0666666666,amal.nachit.simplon@gmail.com,afaff,user
"à créer",NACHIT,Amal,amal.nachit.simplon@gmail.com,azerty12,0666666666,afaff,user
"à créer",NACHIT,Amal,amal.nachit.simplon@gmail.com,azerty12,0666666666,LKQFSJSDLKJ,user
1,NACHIT,Amal,aaaa@aaaa.fr,azerty12,0666666666,LKQFSJSDLKJ,user
6,NACHIT,Amal,aaaa@aaaa.fr,azerty12,0666666666,LKQFSJSDLKJ,user
7,NACHIT,Amal,aaaa@aaaa.fr,azerty12,0666666666,LKQFSJSDLKJ,user
8,NACHIT,Amal,amal@live.fr,amal1234,0612345678,Grenoble,user
9,NACHIT,Amal,amal@live.fr,amal1234,0676767676,Grenoble,user
10,NACHIT,Amal,amal@live.fr,amal1234,0606060606,Grenoble,user
11,NACHIT,Amal,amal@hotmail.fr,amal1234,0606060606,Grenoble,user
12,NACHIT,Amal,amal@jhsdq.fr,$2y$10$wm6sAvftm28CkGVCoxLtROEshUlVQkuteN2l7oxoNDNZKbdRgxcDC,0606060606,DK,user
13,Dupont,Valérie,val.dup@live.fr,$2y$10$MrUPAcPwM116vZTNQohF2umR/aw3vc9AkWtq6SwjrgpHX1wXlcAPC,0666666666,Grenoble,user
